"BID";"b_Seq";"b_Subject";"b_ISBN";"b_Call_number";"b_Barcode";"b_Format";"b_Title";"b_Author";"b_Publisher";"b_Publication_year";"b_Borrowed_by";"b_Due_Date";"b_renewed"
1;"A10";"聖經";"962208088X";"A10AP";"LTC0028";"書籍";"大眾聖經百科全書";"Alexander Pat、陳惠榮著, 天道譯";"天道書樓";"1982";"";"";0
2;"A10";"聖經";"9789623991636";"A10JS";"LTC0029";"書籍";"聖經一年通";"約翰．司托德著, 陳恩明譯";"海天書樓";"2007";"";"";0
3;"A10";"聖經";"9789625130675";"A10TCM";"LTC0030";"書籍";"袖珍聖經手冊";"譚啟文、翁鳳玲著, 尹妙珍譯";"漢語聖經協會";"1997";"";"";0
4;"A10";"聖經";"9780964236707";"A10LJ";"LTC0031";"書籍";"實用釋經法";"賴約瀚著";"福音證主協會";"1994";"";"";0
5;"A10";"聖經";"9622444245";"A10SK";"LTC0032";"書籍";"基礎解經法";"蘇克著, 楊長慧譯";"宣道出版社";"1996";"";"";0
6;"A10";"聖經";"4895050710018";"A10LKM";"LTC0033";"書籍";"舊約輔讀 — 永恒之約（卷上）";"梁康民 /曾立華 /洪同勉著";"香港讀經會";"1996";"";"";0
7;"A10";"聖經";"4895050710025";"A10CMA";"LTC0034";"書籍";"舊約輔讀 — 永恒之約（卷下）";"張慕皚 /陳衍昌 /周永健著";"香港讀經會";"1996";"";"";0
8;"A10";"聖經";"9627409448";"A10HTH";"LTC0035";"書籍";"聖經無誤的再思";"韓大輝著";"厄瑪奴耳團體";"1994";"";"";0
9;"A10";"聖經";"9789579337144";"A10ST";"LTC0036";"書籍";"舊約新語";"舒茲著, 賴建國、陳興蘭譯";"中華福音神學院";"1984";"";"";0
10;"A10";"聖經";"310432502";"A10RBD";"LTC0037";"書籍";"An Introduction to the Old Testament";"Raymond B.Dillard";"Zondervan Publishing House";"1994";"";"";0
11;"A10";"聖經";"";"A10GDF";"LTC0039";"";"讀經的藝術";"戈登費依, 道格樂思史督華著";"華神";"";"";"";0
12;"A10";"聖經";"";"A10GDF";"LTC0040";"";"How to Read Bible for All Its Worth";"Gordon D.Fee & Douglas Stuart";"Academie";"";"";"";0
13;"A10";"聖經";"";"A10DSR";"LTC0041";"";"兩約之間";"羅素著, 褟浩榮譯";"天道";"";"";"";0
14;"A10";"聖經";"";"A10DKF";"LTC0042";"";"聖經中的十大異象";"滕近輝";"宣道";"";"";"";0
15;"A10";"聖經";"";"A10GWB";"LTC0043";"書籍";"猶太社羣";"喬治布坎南著, 陳秀媚譯";"國際華人聖經協會";"";"";"";0
16;"A30";"聖經舊約";"9789622942899    ";"A30HB";"LTC0001";"書籍";"安息有時：重尋安息真義, 抗衡當代文化";"華特．布魯格曼著";"基督教文藝";"2017";"";"";0
17;"A30";"聖經舊約";"9789861985985    ";"A30LSK";"LTC0009";"書籍";"五經行：妥拉中的生命智慧";"李思敬著";"校園書房";"2018";"";"";0
18;"A30";"聖經舊約";"9789861986463    ";"A30PTS";"LTC0012";"書籍";"天路客的行囊：恆久專一的順服";"畢德生";"校園書房";"2018";"";"";0
19;"A30";"聖經舊約";"9789889797942    ";"A30KCL";"LTC0015";"書籍";"穿起西裝不會變高層，返了教會不會變好人 ";"關嘉亮";"芥菜種";"2019";"";"";0
20;"A30";"聖經舊約";"9789861985596    ";"A30HWH";"LTC0016";"書籍";"胡爾摩斯品聖經懸疑";"胡維華";"校園書房";"2017";"";"";0
21;"A30";"聖經舊約";"9789575876906    ";"A30YFL";"LTC0017";"書籍";"歡喜讀舊約";"楊腓力著";"校園書房";"2001";"";"";0
22;"A30";"聖經舊約";"";"A30LJ";"LTC0038";"書籍";"舊約綜覽";"賴桑著, 馬傑偉譯";"種籽出版社";"1994";"";"";0
23;"A30";"聖經舊約";"";"A30KPC";"LTC0044";"書籍";"天道聖經註釋創世記(卷一)";"鄺炳釗著";"";"1997";"";"";0
24;"A30";"聖經舊約";"";"A30KPC";"LTC0045";"書籍";"天道聖經註釋創世記(卷二)";"鄺炳釗著";"";"";"";"";0
25;"A30";"聖經舊約";"";"A30KPC";"LTC0046";"書籍";"天道聖經註釋";"鄺炳釗著";"";"";"";"";0
26;"A30";"聖經舊約";"";"A30KPC";"LTC0047";"書籍";"天道聖經註釋創世記(卷四)";"鄺炳釗著";"";"";"";"";0
27;"A30";"聖經舊約";"9789575872847";"A30DK";"LTC0048";"書籍";"丁道爾舊約聖經註釋創世記";"柯德納 (Derek Kidner)/劉良淑譯";"校園書房";"1991";"";"";0
28;"A30";"聖經舊約";"";"A30CPH";"LTC0049";"書籍";"每日研經叢書創世記注釋上冊";"紀博遜著";"文藝";"";"";"";0
29;"A30";"聖經舊約";"";"A30KPC";"LTC0050";"書籍";"明道社創世記(卷上)研習本1A";"鄺炳釗 /譚穎儀 /阮莎燕";"明道社";"";"";"";0
30;"A30";"聖經舊約";"9789889760717";"A30KPC";"LTC0050";"書籍";"明道研習本1A創造與拯救的上帝- 創世記(卷上)";"鄺炳釗 /譚穎儀 /阮莎燕";"明道社";"2004";"";"";0
31;"A30";"聖經舊約";"";"A30NLE";"LTC0051";"書籍";"研經導讀叢書創世記研經導讀";"吳理恩著";"天道";"1990";"";"";0
32;"A30";"聖經舊約";"";"A30LJ";"LTC0052";"書籍";"實用釋經研讀約拿書";"賴若瀚牧師著";"證主";"1995";"";"";0
33;"A30";"聖經舊約";"9789881895141";"A30LTL";"LTC0053";"書籍";"耶和華神是信實的：歷代志註釋";"羅達理";"中國浸信會神學院";"2011";"";"";0
34;"A30";"聖經舊約";"9789629330521";"A30TYC";"LTC0054";"書籍";"以賽亞書釋義(卷上)";"唐佑之著";"浸信會出版社";"2002";"";"";0
35;"A30";"聖經舊約";"9789629330781";"A30TYC";"LTC0055";"書籍";"以賽亞書釋義(卷下)";"唐佑之著";"浸信會出版社";"";"";"";0
36;"A30";"聖經舊約";"9789889968229";"A30YMK";"LTC0056";"書籍";"淚眼先知耶利米：一個甘於寂寞 忠於所託的故事";"楊牧谷著";"恩谷";"1989";"";"";0
37;"A30";"聖經舊約";"9789575870577";"A30MAE";"LTC0057";"書籍";"丁道爾舊約聖經註釋傳道書";"伊頓 (Michael A . Eaton)/蔡金鈴、幸貞德譯";"校園";"1987";"";"";0
38;"A30";"聖經舊約";"9622081398";"A30KL";"LTC0058";"書籍";"天道研經導讀叢書傳道書研經導讀";"高路易";"天道書樓";"";"";"";0
39;"A30";"聖經舊約";"";"A30TYC";"LTC0059";"書籍";"以西結書註釋 (卷上)";"唐佑之著";"天道";"1990";"";"";0
40;"A30";"聖經舊約";"";"A30TYC";"LTC0060";"書籍";"以西結書註釋 (卷下)";"唐佑之著";"天道";"1990";"";"";0
41;"A30";"聖經舊約";"";"A30HTM";"LTC0061";"書籍";"天道聖經註釋利未記 (卷上)";"洪同勉著";"天道";"1995";"";"";0
42;"A30";"聖經舊約";"";"A30TYC";"LTC0062";"書籍";"天道聖經註釋約伯記 (卷上)";"唐佑之著";"天道";"1994";"";"";0
43;"A30";"聖經舊約";"";"A30TYC";"LTC0063";"書籍";"天道聖經註釋約伯記 (卷下)";"唐佑之著";"天道";"1995";"";"";0
44;"A30";"聖經舊約";"";"A30TYC";"LTC0064";"書籍";"天道聖經註釋(十二先知書一) 阿摩司書, 彌迦書";"唐佑之著";"天道";"1987";"";"";0
45;"A30";"聖經舊約";"";"A30TYC";"LTC0065";"書籍";"天道聖經註釋(十二先知書三) 西番雅書, 那鴻書, 哈巴谷書, 俄巴底亞書, 約拿書, 約珥書";"唐佑之著";"天道";"1987";"";"";0
46;"A30";"聖經舊約";"";"A30TYC";"LTC0066";"書籍";"天道聖經註釋(十二先知書四) 哈該書, 撒迦利亞書, 瑪拉基書";"唐佑之著";"天道";"2000";"";"";0
47;"A30";"聖經舊約";"";"A30KPC";"LTC0067";"書籍";"天道聖經註釋但以理書註釋";"鄺炳釗著";"天道";"1989";"";"";0
48;"A30";"聖經舊約";"";"A30LJW";"LTC0068";"書籍";"天道研經導讀但以理書 - 但";"吳理恩著 (Dr. Leon J. Wood)";"天道";"1996";"";"";0
49;"A30";"聖經舊約";"9789881944382    ";"A30MCH";"LTC0069";"書籍";"新視野釋經叢書但以理書 - 全方位解讀";"麥兆輝著";"明道社";"2011";"";"";0
50;"A30";"聖經舊約";"9789889760731    ";"A30LCY";"LTC0070";"書籍";"時代信息叢書傳道書 - 泡沬中的彩虹";"劉承業著";"明道社";"2006";"";"";0
51;"A30";"聖經舊約";"9789889887421    ";"A30LCY";"LTC0071";"書籍";"時代信息叢書約書亞記 - 穩操勝券";"劉承業著";"明道社";"2006";"";"";0
52;"A30";"聖經舊約";"9789889850975    ";"A30CYP";"LTC0072";"書籍";"時代信息叢書尼希米記 - 眾志成城";"陳耀鵬著";"明道社";"2007";"";"";0
53;"A30";"聖經舊約";"9789881823106    ";"A30LCT";"LTC0073";"書籍";"時代信息叢書以賽亞書 - 沙漠中的江河";"羅慶才著";"明道社";"2009";"";"";0
54;"A30";"聖經舊約";"9789881709431    ";"A30LKL";"LTC0074";"書籍";"時代信息叢書箴言 - 人間智慧";"梁家麟著";"明道社";"2009";"";"";0
55;"A30";"聖經舊約";"9789881765871    ";"A30LJH";"LTC0075";"書籍";"時代信息叢書彌迦書 - 公義的呼聲";"林榮洪著";"明道社";"2009";"";"";0
56;"A30";"聖經舊約";"9789881709400    ";"A30HSC";"LTC0076";"書籍";"時代信息叢書出埃及記 - 從屬靈領袖摩西談起";"何述儉著";"明道社";"2007";"";"";0
57;"A30";"聖經舊約";"9789881823137    ";"A30LCK";"LTC0077";"書籍";"時代信息叢書哈該書&撒迦利亞書 - 脫胎換骨";"李振康著";"明道社";"2009";"";"";0
58;"A30";"聖經舊約";"9789889887445    ";"A30WCH";"LTC0078";"書籍";"時代信息叢書民數記 - 凡人旅程";"温清華著";"明道社";"2006";"";"";0
59;"A30";"聖經舊約";"9789622089860    ";"A30TCL";"LTC0079";"書籍";"天道普天註釋以斯帖記";"蔡金玲著";"天道書樓";"2018";"";"";0
60;"A30";"聖經舊約";"9789572029749    ";"A30LMF";"LTC0080";"書籍";"研經系列書拉密女：舊約雅歌賞析";"林明輝著";"人光出版社";"2003";"";"";0
61;"A30";"聖經舊約";"";"A30TEF";"LTC0081";"書籍";"道聲舊約神學註釋枯樹下的對話 - 約拿書信息";"費列咸著 (Terence E. Fretheim)";"道聲";"1986";"";"";0
62;"A30";"聖經舊約";"9789881991812    ";"A30CHY";"LTC0082";"書籍";"《十二先知書》研經課程 28何西阿書 (教師本)";"鍾輝揚編";"行道";"2010";"";"";0
63;"A30";"聖經舊約";"9789881991812    ";"A30CHY";"LTC0083";"書籍";"《十二先知書》研經課程 28何西阿書 (學生本)";"鍾輝揚編";"行道";"2010";"";"";0
64;"A30";"聖經舊約";"9789881850362    ";"A30CHY";"LTC0084";"書籍";"《十二先知書》研經課程 29約珥書 (教師本)";"鍾輝揚編";"行道";"2010";"";"";0
65;"A30";"聖經舊約";"9789881850362    ";"A30CHY";"LTC0085";"書籍";"《十二先知書》研經課程 29約珥書 (學生本)";"鍾輝揚編";"行道";"2010";"";"";0
66;"A30";"聖經舊約";"9789881850300    ";"A30CHY";"LTC0086";"書籍";"《十二先知書》研經課程 30阿摩司書 (教師本)";"鍾輝揚編";"行道";"2010";"";"";0
67;"A30";"聖經舊約";"9789881850300    ";"A30CHY";"LTC0087";"書籍";"《十二先知書》研經課程 30阿摩司書 (學生本)";"鍾輝揚編";"行道";"2010";"";"";0
68;"A30";"聖經舊約";"9789881850331    ";"A30CHY";"LTC0088";"書籍";"《十二先知書》研經課程 31俄巴底亞書 (教師本)";"鍾輝揚編";"行道";"2010";"";"";0
69;"A30";"聖經舊約";"9789881850331    ";"A30CHY";"LTC0089";"書籍";"《十二先知書》研經課程 31俄巴底亞書 (學生本)";"鍾輝揚編";"行道";"2010";"";"";0
70;"A30";"聖經舊約";"9789881850317    ";"A30CHY";"LTC0090";"書籍";"《十二先知書》研經課程 32約拿書 (學生本)";"鍾輝揚編";"行道";"2010";"";"";0
71;"A30";"聖經舊約";"9789881850386    ";"A30CHY";"LTC0091";"書籍";"《十二先知書》研經課程 33彌迦書 (教師本)";"鍾輝揚編";"行道";"2010";"";"";0
72;"A30";"聖經舊約";"9789881850386    ";"A30CHY";"LTC0092";"書籍";"《十二先知書》研經課程 33彌迦書 (學生本)";"鍾輝揚編";"行道";"2010";"";"";0
73;"A30";"聖經舊約";"9789881850324    ";"A30CHY";"LTC0093";"書籍";"《十二先知書》研經課程 34那鴻書 (教師本)";"鍾輝揚編";"行道";"2010";"";"";0
74;"A30";"聖經舊約";"9789881850324    ";"A30CHY";"LTC0094";"書籍";"《十二先知書》研經課程 34那鴻書 (學生本)";"鍾輝揚編";"行道";"2010";"";"";0
75;"A30";"聖經舊約";"9789881850348    ";"A30CHY";"LTC0095";"書籍";"《十二先知書》研經課程 35哈巴谷書 (教師本)";"鍾輝揚編";"行道";"2010";"";"";0
76;"A30";"聖經舊約";"9789881850348    ";"A30CHY";"LTC0096";"書籍";"《十二先知書》研經課程 35哈巴谷書 (學生本)";"鍾輝揚編";"行道";"2010";"";"";0
77;"A30";"聖經舊約";"9789881850355    ";"A30CHY";"LTC0097";"書籍";"《十二先知書》研經課程 36西番雅書 (教師本)";"鍾輝揚編";"行道";"2010";"";"";0
78;"A30";"聖經舊約";"9789881850355    ";"A30CHY";"LTC0098";"書籍";"《十二先知書》研經課程 36西番雅書 (學生本)";"鍾輝揚編";"行道";"2010";"";"";0
79;"A30";"聖經舊約";"9789881850379    ";"A30CHY";"LTC0099";"書籍";"《十二先知書》研經課程 37哈該書 (教師本)";"鍾輝揚編";"行道";"2010";"";"";0
80;"A30";"聖經舊約";"9789881850379    ";"A30CHY";"LTC0100";"書籍";"《十二先知書》研經課程 37哈該書 (學生本)";"鍾輝揚編";"行道";"2010";"";"";0
81;"A30";"聖經舊約";"9789881991829    ";"A30CHY";"LTC0101";"書籍";"《十二先知書》研經課程 38撒迦利亞書 (教師本)";"鍾輝揚編";"行道";"2010";"";"";0
82;"A30";"聖經舊約";"9789881991829    ";"A30CHY";"LTC0102";"書籍";"《十二先知書》研經課程 38撒迦利亞書 (學生本)";"鍾輝揚編";"行道";"2010";"";"";0
83;"A30";"聖經舊約";"9789881850393    ";"A30CHY";"LTC0103";"書籍";"《十二先知書》研經課程 39瑪拉基書 (教師本)";"鍾輝揚編";"行道";"2010";"";"";0
84;"A30";"聖經舊約";"9789881850393    ";"A30CHY";"LTC0104";"書籍";"《十二先知書》研經課程 39瑪拉基書 (學生本)";"鍾輝揚編";"行道";"2010";"";"";0
85;"A30";"聖經舊約";"";"A30FFB";"LTC0252";"";"基督教難題彙編";"卜魯斯";"種籽出版社";"1993";"";"";0
86;"A30";"聖經舊約";"9789575877323    ";"A30BDW";"LTC0026";"書籍";"丁道爾舊約聖經註釋：撒母耳記上下";"包德雯著";"校園書房";"2002";"";"";0
87;"A30";"聖經舊約";"9789861986685    ";"A30WHC";"LTC0025";"書籍";"大衛皇朝：撒母耳記的神學詮釋";"黃厚基";"校園書房";"2019";"";"";0
88;"A40";"聖經新約";"9789622445642    ";"A40CCT";"LTC0105";"書籍";"萬世救恩──從聖經看救恩真義";"陳終道";"宣道出版社";"1999";"";"";0
89;"A40";"聖經新約";"9789575874681    ";"A40WG";"LTC0127";"書籍";"丁道爾聖經註釋彼得前書";"顧韋恩 (Wayne Grudem)/歐思真譯";"校園書房";"1996";"";"";0
90;"A40";"聖經新約";"";"A40MYT";"LTC0107";"書籍";"中國學人培訓材料-聖經系列6新約概覽 (二) 腓立比書至啟示錄";"馬有藻及張西平合著";"海外校園 /大使命 /華訓";"";"";"";0
91;"A40";"聖經新約";"9789622080423    ";"A40EMB";"LTC0126";"書籍";"天道研經導讀提摩太前後書、提多書研經導讀";"白禮嶽E. M. Blaiklock";"天道書樓";"2003";"";"";0
92;"A40";"聖經新約";"9789622081772    ";"A40FYK";"LTC0124";"書籍";"天道聖經註釋帖撒羅尼迦前書註釋";"馮蔭坤";"天道書樓";"2004";"";"";0
93;"A40";"聖經新約";"";"A40WB";"LTC0121";"";"巴克萊 每日研經叢書羅馬書注釋";"周郁晞譯";"基督教文藝";"2007";"";"";0
94;"A40";"聖經新約";"";"A40WB";"LTC0129";"";"巴克萊 每日研經叢書約翰書信、猶太書注釋";"周郁晞譯";"基督教文藝";"2017";"";"";0
95;"A40";"聖經新約";"";"A40WB";"LTC0120";"書籍";"巴克萊每日研經叢書希伯來書注釋";"巴克萊著";"基督教文藝";"1992";"";"";0
96;"A40";"聖經新約";"9789622084445    ";"A40TLH";"LTC0128";"書籍";"生命信息系列彼得前後書、猶大書- 亂世驚情中的持守";"曾立華譯";"天道書樓";"";"";"";0
97;"A40";"聖經新約";"";"A40SCS";"LTC0110";"書籍";"佈道版聖經新譯本耶穌高解像-四福音撮編本";"徐濟時";"環球聖經公會";"";"";"";0
98;"A40";"聖經新約";"9627673129    ";"A40MTN";"";"書籍";"活石新約聖經註釋上冊-四福音及使徒行傳";"馬唐納";"角石";"";"";"";0
99;"A40";"聖經新約";"9789625133423    ";"A40GMB";"LTC0130";"書籍";"國際釋經應用系列 62 63 64約翰一、二、三書：着眼當代應用";"白基(Gary M. Burge)/張群娣譯";"漢語聖經協會";"2008";"";"";0
100;"A40";"聖經新約";"";"A40YMK";"LTC0114";"書籍";"現代詮釋系列步祂後塵 I - 成長與試探";"楊牧谷";"更新資源";"1981";"";"";0
101;"A40";"聖經新約";"";"A40YMK";"LTC0115";"書籍";"現代詮釋系列步祂後塵 II - 宣講與教導";"楊牧谷";"更新資源";"1995";"";"";0
102;"A40";"聖經新約";"";"A40YMK";"LTC0116";"書籍";"現代詮釋系列步祂後塵 III - 禱告與不渝";"楊牧谷";"更新資源";"2000";"";"";0
103;"A40";"聖經新約";"";"A40MTN";"LTC0106";"書籍";"新約聖經註釋下冊-普通書信, 啟示錄";"馬唐納";"角石";"1981";"";"";0
104;"A40";"聖經新約";"";"A40LKW";"LTC0117";"";"聖經研究叢書四福音注解";"雷國威著";"天道書樓";"1989";"";"";0
105;"A40";"聖經新約";"";"A40CCM";"LTC0108";"書籍";"這十二個人-耶穌門徒小傳";"陳知文";"文藝";"";"";"";0
106;"A40";"聖經新約";"";"A40";"LTC0109";"書籍";"耶穌十二門徒";"史祈生";"時雨/宣道";"";"";"";0
107;"A40";"聖經新約";"";"A40JS";"LTC0111";"書籍";"Indwelt Bible Study for Wrung-out Moms";"James";"Everleigh Company";"";"";"";0
108;"A40";"聖經新約";"";"A40LWS";"LTC0112";"書籍";"末世預言綜覽";"陸維信著, 李保羅譯";"天道";"";"";"";0
109;"A40";"聖經新約";"";"A40PHY";"LTC0123";"";"天道聖經註釋羅馬書 (卷上)";"鮑會園著";"天道";"";"";"";0
110;"A40";"聖經新約";"";"A40LP";"LTC0122";"";"天道文庫羅馬書 (一至八章) 結構式研經註釋";"李保羅著";"天道";"";"";"";0
111;"A40";"聖經新約";"";"A40FKT";"LTC0125";"";"研經導讀叢書哥林多前書研經導讀";"馮國泰/李湯馬合著, 梁康民譯";"天道書樓";"";"";"";0
112;"A40";"聖經新約";"";"";"LTC0119";"";"聖經信息系列以弗所書 The Message of Ephesians";"斯托得著, 陳恩明譯";"校園";"";"";"";0
113;"A40";"聖經新約";"";"A40MW";"LTC0118";"";"聖經信息系列路加福音 The Message of Luke";"威爾克著, 李靜芝譯";"校園";"";"";"";0
114;"A40";"聖經新約";"";"A40LJH";"LTC0140";"";"時代信息叢書耶穌基督 - 生平與言論(下)";"林榮洪著";"明道社";"";"";"";0
115;"A40";"聖經新約";"";"A40LJH";"LTC0139";"";"時代信息叢書耶穌基督 - 生平與言論(上)";"林榮洪著";"明道社";"";"";"";0
116;"A40";"聖經新約";"";"A40LJH";"LTC0138";"";"時代信息叢書末世懸謎 (啟示錄進解)";"林榮洪著";"明道社";"";"";"";0
117;"A40";"聖經新約";"";"A40LCK";"LTC0137";"";"時代信息叢書游刃有餘 (從彼得前書看信徒如何跨越逆境)";"李振康著";"明道社";"";"";"";0
118;"A40";"聖經新約";"";"A40LCK";"LTC0136";"";"時代信息叢書非凡信仰 (從希伯來書看基督徒的卓越生命)";"李振康著";"明道社";"";"";"";0
119;"A40";"聖經新約";"";"A40LJH";"LTC0135";"";"時代信息叢書正常的教會生活 (提摩太前後書進解)";"林榮洪著";"明道社";"";"";"";0
120;"A40";"聖經新約";"";"A40CYP";"LTC0134";"";"時代信息叢書寒梅綻放 (從帖撒羅尼迦前後書看信徒如何接主再來)";"陳耀鵬著";"明道社";"";"";"";0
121;"A40";"聖經新約";"";"A40KMC";"LTC0133";"";"時代信息叢書逆境奏樂歌 (從腓立比書看快樂滿足的祕訣)";"郭文池著";"明道社";"";"";"";0
122;"A40";"聖經新約";"";"A40TLH";"LTC0132";"";"時代信息叢書不為五斗米折腰 (從腓立比書看誠信正直)";"曾立華著";"明道社";"";"";"";0
123;"A40";"聖經新約";"";"A40LJH";"LTC0131";"";"時代信息叢書稱義、成聖與聖靈 (羅馬書五至八章進解)";"林榮洪著";"明道社";"";"";"";0
124;"B10";"神學、教義";"9789628991013    ";"B10CM";"LTC0201";"";"王國降臨";"馬歇爾Chris Marshall";"香港基督徒學生福音團契（FES）";"2008";"";"";0
125;"B10";"神學、教義";"9789888605118    ";"B10CWA";"LTC0021";"書籍";"神聖的淡然";"陳韋安";"亮光文化";"2019";"";"";0
126;"B10";"神學、教義";"";"B10 KTC";"LTC0462";"";"信義宗信徒手冊";"鄺天賜";"道聲出版社";"";"";"";0
127;"B10";"神學、教義";"";"B10ML";"LTC0461";"";"基督徒的自由";"馬丁路德";"";"";"";"";0
128;"B10";"神學、教義";"";"B10TYC";"LTC0457";"";"願你的國降臨：政治神學與倫理";"唐佑之";"浸信會";"";"";"";0
129;"B10";"神學、教義";"";"B10WWY";"LTC0460";"";"為甚麼要我信耶穌";"溫偉耀 (Milton W. Y. Wan)";"明風";"";"";"";0
130;"B10";"神學、教義";"";"B10AEM";"LTC0456";"";"宗教改革運動思潮";"麥格夫 (Alister E. McGrath)";"基道";"";"";"";0
131;"B10";"神學、教義";"";"B10CSC";"LTC0437";"";"沙塵中的榮耀：死海古卷與聖經";"莊新泉";"橄欖";"";"";"";0
132;"B10";"神學、教義";"";"B10HTL";"LTC0455";"";"超越與轉化：簡明基督教系統神學";"許道良";"天道";"";"";"";0
133;"B10";"神學、教義";"";"B10AEM";"LTC0459";"";"再思因信稱義";"麥葛福 (Alister E. Mcgrath)";"校園書房";"";"";"";0
134;"B10";"神學、教義";"";"B10KHB";"LTC0434";"";"朝向整全神學思考";"郭鴻標";"天道";"";"";"";0
135;"B10";"神學、教義";"";"B10JIP";"LTC0454";"";"靈命更新系列：活在聖靈中";"巴刻 (J. I. Packer)";"宣道";"";"";"";0
136;"B10";"神學、教義";"";"B10KKM";"LTC0453";"";"是非曲直：對人權同性戀的倫理反思";"關啟文";"宣道";"";"";"";0
137;"B10";"神學、教義";"";"B10LKL";"LTC0436";"";"唯主是盼：從彼得後書看基督再臨與末世聖徒";"梁家麟";"宣道";"";"";"";0
138;"B10";"神學、教義";"";"B10RO";"LTC0452";"";"創造論的明證：檢視地球的起源";"羅傑奧克蘭等人";"宣道";"";"";"";0
139;"B10";"神學、教義";"";"B10YYC";"LTC0451";"";"認識神等候神";"楊濬哲";"宣道";"";"";"";0
140;"B10";"神學、教義";"";"B10HHW";"LTC0450";"";"猶大福音與新約旁經";"禤浩榮";"";"";"";"";0
141;"B10";"神學、教義";"";"B10TSK";"LTC0449";"";"在信仰之思的途中：一群年青神學人的神學告白";"鄧紹光 Andres S. K. Tang)";"基道";"";"";"";0
142;"B10";"神學、教義";"";"B10ML";"LTC0448";"";"我信啟示";"莫理昂 (Morris, Leon)180";"天道";"";"";"";0
143;"B10";"神學、教義";"";"B10SWC";"LTC0458";"";"認識聖靈";"蘇穎智";"全心";"";"";"";0
144;"B10";"神學、教義";"";"B10HO";"LTC0446";"";"不可言說的言說：我們時代的上帝問題";"H．奧特";"三聯書店";"";"";"";0
145;"B10";"神學、教義";"";"B10SM";"LTC0447";"";"詮釋符類福音";"麥克奈特（Scot McKnight）";"天道";"";"";"";0
146;"B10";"神學、教義";"";"B10DB";"LTC0444";"";"獄中書簡";"潘霍華 (Dietrich Bonhoeffer)";"基督教文藝";"";"";"";0
147;"B10";"神學、教義";"";"B10JS";"LTC0443";"";"當代聖靈工作";"斯托得 (John Stott)";"校園書房";"";"";"";0
148;"B10";"神學、教義";"";"B10LM";"LTC0442";"";"我思故我信 : 十大基督徒思想巨擘";"lister McGrath 麥葛福";"校園書房";"";"";"";0
149;"B10";"神學、教義";"";"B10C&F";"LTC0441";"";"初熟之果 : 聖經與本色神學";" 陳濟民， 馮蔭坤　";"中國神學研究院,天道";"";"";"";0
150;"B10";"神學、教義";"";"B10YMK";"LTC0433";"";"魔惑眾生：魔鬼學探究";"楊牧谷";"明風";"";"";"";0
151;"B10";"神學、教義";"";"B10CMY";"";"";"近代靈恩運動──一些值得關注的問題";"張慕皚";"建道神學院";"";"";"";0
152;"B10";"神學、教義";"";"B10KB";"LTC0445";"";"教會教義學(精選本)";"卡爾‧巴特 ";"三聯書店";"";"";"";0
153;"B10";"神學、教義";"";"B10NS";"LTC0439";"";"詩人與詩歌（第二集）";"史伯誠 (Newman Sze312";"美國見證";"";"";"";0
154;"B10";"神學、教義";"";"B10JS";"LTC0435";"";"我信上帝";"約翰．司徒德牧師 (John Stott)";"宗教教育中心";"";"";"";0
155;"B10";"神學、教義";"";"B10N&H";"LTC0438";"";"你所念的你明白麼？── 神話語的詮釋";"吳羅瑜、許志賢";"中國神學研究院";"";"";"";0
156;"B10";"神學、教義";"";"B10L&C";"LTC0431";"";"睇電影，學神學";"雷競業、趙崇明、湯紹源 ";"宣道";"";"";"";0
157;"B10";"神學、教義";"";"B10CDA";"LTC0432";"";"聖經不是從天掉下來的？";"阿勒特 (Craig D. Allert)336";"印象文字";"";"";"";0
158;"B10";"神學、教義";"";"B10BF";"LTC0430";"";"福音的核心——宣信、四重福音與十九世紀福音派神學";"博尼‧范德和";" 基督教宣道會香港區聯會";"";"";"";0
159;"B10";"神學、教義";"";"B10AM";"LTC0429";"";"Reformation Thought: An Introduction";"Alister McGrath";"Wiley-Blackwell";"";"";"";0
160;"B10";"神學、教義";"";"B10FCM";"LTC0428";"";"情理相依：基督徒倫理學（增修版）";"方鎮明";"浸信會";"";"";"";0
161;"B10";"神學、教義";"";"B10CSK";"LTC0427";"";"天理人情－－基督教倫理解碼";"鄭順佳";"三聯書店";"";"";"";0
162;"B10";"神學、教義";"";"B10AL";"LTC0426";"";"護教式系統神學";"駱德恩 (Andrew Loke)";"天道";"";"";"";0
163;"B10";"神學、教義";"";"B10LWH";"";"";"屬靈神學：倪柝聲思想的研究";"林榮洪";"宣道";"";"";"";0
164;"B10";"神學、教義";"";"B10SWY";"LTC0425";"";"基礎神學：信仰進深21課（修訂版）";"蘇穎睿";"宣道";"";"";"";0
165;"B10";"神學、教義";"";"B10SJG";"LTC0424";"";"二十世紀神學評論";"葛倫斯、奧爾森等 (Stanley J. Grenz & Roger E. Olson)";"校園書房";"";"";"";0
166;"B10";"神學、教義";"";"B10EFM";"LTC0422";"";"屬靈爭戰指南（上冊）";"默艾德 (Edward F. Murphy)";"高示";"";"";"";0
167;"B10";"神學、教義";"";"";"LTC0423";"";"屬靈爭戰指南（下冊）";"默艾德 (Edward F. Murphy)";"高示";"";"";"";0
168;"C10";"信徒生活";"9789861983585    ";"C10JO";"LTC0202";"";"行在水面上";"奧伯格 John Ortberg";"校園書房出版社";"2014";"";"";0
169;"C10";"信徒生活";"9789861986937    ";"C10PY1";"LTC0203";"";"微光：楊腓力365恩典故事集(上)";"楊腓力";"校園書房出版社";"2019";"";"";0
170;"C10";"信徒生活";"9789861986937    ";"C10PY2";"LTC0204";"";"微光：楊腓力365恩典故事集(下)";"楊腓力";"校園書房出版社";"2019";"";"";0
171;"C20";"生活價值";"9622082114    ";"C20KWKS";"LTC0208";"書籍";"信徒生活叢書習非成是-導致我們不快樂的謊言";"科文癸斯";"天道書樓有限公司";"1991";"";"";0
172;"C20";"生活價值";"9789622085404    ";"C20LKL";"LTC0209";"書籍";"植根生活的信仰";"梁家麟";"天道書樓";"2002";"";"";0
173;"C20";"生活價值";"9789622449534    ";"C20LKL";"LTC0210";"書籍";"黎民Café (3) : 黎民的信仰疑惑";"梁家麟";"宣道出版社";"2012";"";"";0
174;"C20";"生活價值";"9789622449510    ";"C20LKL";"LTC0211";"書籍";"黎民Café（2）：傾聽生命的呼召";"梁家麟";"宣道出版社";"2012";"";"";0
175;"C20";"生活價值";"9789622449787    ";"C20LKL";"LTC0212";"書籍";"黎民Café（5）：你是誰";"梁家麟";"宣道出版社";"2013";"";"";0
176;"C20";"生活價值";"9789622087897    ";"C20SYT";"LTC0213";"書籍";"信仰尋找明白──古老信仰問題，後現代解答";"蘇遠泰";"天道書樓";"2013";"";"";0
177;"C20";"生活價值";"4892511000725    ";"C20GMD";"LTC0214";"書籍 (兩本)";"心意更新 (第十版)";"Gordon MacDonald";"證主出版社 CCI";"";"";"";0
178;"C20";"生活價值";"4892511000725    ";"C20GMD";"LTC0215";"書籍 (兩本)";"心意更新 (第十一版)";"Gordon MacDonald";"證主出版社 CCI";"";"";"";0
179;"C20";"生活價值";"9789624572445    ";"C20LYC";"LTC0216";"書籍";"全心信箱";"李耀全";"基道、時代論壇";"2003";"";"";0
180;"C20";"生活價值";"9789628838806    ";"C20LCH";"LTC0217";"書籍";"與智慧飛翔";"李錦洪";"香港基督徒學生福音團契（FES）";"2007";"";"";0
181;"C20";"生活價值";"9789575875206    ";"C20TTC";"LTC0218";"書籍";"信仰—邊看邊學";"佐藤彰";"校園書房出版社";"1997";"";"";0
182;"C20";"生活價值";"9789628838936    ";"C20YHC";"LTC0219";"書籍";"迎向苦難的呼召";"陳關韻韶、楊錫鏘";"香港基督徒學生福音團契";"2007";"";"";0
183;"C20";"生活價值";"9789622449657    ";"C20LHH";"LTC0220";"書籍";"開往靈程深處：靈命成長的要訣";"梁海華";"宣道出版社";"2013";"";"";0
184;"C20";"生活價值";"9627409162    ";"C20YMK";"LTC0221";"書籍";"成長路上: 軟弱的操練";"楊牧谷";"卓越書樓";"1992";"";"";0
185;"C20";"生活價值";"9789628329373    ";"C20YMK";"LTC0222";"書籍";"新方略系列你欠生命一份神蹟";"楊牧谷";"更新資源";"";"";"";0
186;"C20";"生活價值";"9627409251    ";"C20YMK";"LTC0223";"書籍";"再生情緣";"楊牧谷";"卓越書樓";"1993";"";"";0
187;"C20";"生活價值";"9789628838707    ";"C20MJD";"LTC0224";"書籍";"無望世界真盼望：科技社會中的信仰生活";"唐慕華 (Marva J. Dawn)";"香港基督徒學生福音團契（FES）";"2006";"";"";0
188;"C20";"生活價值";"9622440630    ";"C20AWT";"LTC0225";"書籍";"飲於能力之源";"陶恕、邦茲、古約翰 (A. W. Tozer, E. M. Bounds, J. Goforth)";"宣道出版社";"2008";"";"";0
189;"C20";"生活價值";"9780877849056    ";"C20EHP";"LTC0226";"書籍";"The Quest for Life at Its Best";"Eugene H. Peterson";"InterVarsity Press";"1983";"";"";0
190;"C20";"生活價值";"9789622444935    ";"C20PY";"LTC0227";"書籍";"靈命飛躍之旅：52個靈命成長要訣";"包樂";"宣道出版社";"2005";"";"";0
191;"C20";"生活價值";"9789624573091    ";"C20LSC";"LTC0228";"書籍";"錢宜義見—基督徒理財智慧";"李少秋";"基道出版社有限公司";"2006";"";"";0
192;"C20";"生活價值";"9789628838172    ";"C20KCW";"LTC0229";"書籍";"重尋真性──性解放洪流中基督徒的堅持與回應";"關啟文, 洪子雲";"香港基督徒學生福音團契";"2003";"";"";0
193;"C20";"生活價值";"9789624571059    ";"C20LKL";"LTC0230";"書籍";"信主之後（附研讀指引）";"梁家麟 (Leung Ka-lun)";"基道";"1996";"";"";0
194;"C20";"生活價值";"9789624572162    ";"C20CHH";"LTC0231";"書籍";"完全委身: 從聖經看委身的重要";"張熙和";"基督門徒福音會";"2003";"";"";0
195;"C20";"生活價值";"9789622449664    ";"C20TLK";"LTC0232";"書籍";"生命有答案";"戴力高、顧百利著";"宣道出版社";"2013";"";"";0
196;"C20";"生活價值";"9789622449725    ";"C20BW";"LTC0233";"書籍";"如果你可以問上帝一個問題";"鮑威廉、顧百利著";"宣道出版社";"2013";"";"";0
197;"C20";"生活價值";"9789627997788    ";"C20THE";"LTC0234";"書籍";"從聖經看由失到得";"謝慧兒";"建道神學院";"2006";"";"";0
198;"C20";"生活價值";"9781882324163    ";"C20RW";"LTC0236";"書籍";"直奔標竿：成為目標導向的教會";"華理克 (Rick Warren)";"基督使者協會";"1999";"";"";0
199;"C20";"生活價值";"96224420702    ";"C20TCH";"LTC0237";"書籍";"生命的事奉";"滕近輝";"宣道出版社";"1984";"";"";0
200;"C20";"生活價值";"9789575879419    ";"C20JB";"LTC0238";"書籍";"聖潔讓你想得不一樣";"畢哲思 (Jerry Bridges)";"校園書房";"2006";"";"";0
201;"C20";"生活價值";"9789575879419    ";"C20JB";"LTC0238";"";"";"";"";"";"";"";0
202;"C20";"生活價值";"9789622448582    ";"C20YWW";"LTC0239";"書籍";"星爺電影12啓示－從周星馳電影看人生";"楊文立";"宣道出版社";"2008";"";"";0
203;"C20";"生活價值";"9789622448322    ";"C20YLW";"LTC0240";"書籍";"靈命成長12啟示";"楊文立";"宣道出版社";"2007";"";"";0
204;"C20";"生活價值";"9789622446793    ";"C20CME";"LTC0241";"書籍";"生命成長之旅";"程蒙恩著";"宣道出版社";"2003";"";"";0
205;"C20";"生活價值";"9789622449701    ";"C20WNF";"LTC0242";"書籍";"道在今日：10位牧者精選給你的10篇講章";"王礽福 主編";"宣道出版社";"2013";"";"";0
206;"C20";"生活價值";"9789622448346    ";"C20YML";"LTC0243";"";"十誡真道12啟示";"楊文立";"宣道出版社";"2007";"";"";0
207;"C20";"生活價值";"9622443303    ";"C20JB";"LTC0244";"書籍";"敬虔的操練";"畢哲思 (Jerry Bridges)";"宣道出版社";"2012";"";"";0
208;"C20";"生活價值";"941598616    ";"C20CMT";"LTC0245";"書籍";"只誇基督十架";"鍾馬田";"美國活泉出版社";"1994";"";"";0
209;"C20";"生活價值";"9622440525    ";"C20TCH";"LTC0246";"書籍";"路標";"滕近輝";"宣道出版社";"1993";"";"";0
210;"C20";"生活價值";"9579642095    ";"C20HST";"LTC0247";"書籍";"屬靈神學叢書1基督徒品格之塑造";"侯士庭";"中國福音出版社";"1993";"";"";0
211;"C30";"靈修禱告";"9789625130323    ";"C30CBI";"LTC0113";"";"書籍新約全書(和合本). 靈修版(精裝版)";"漢語聖經協會";"國際聖經協會";"1996";"";"";0
212;"C30";"靈修禱告";"";"C30NTH";"LTC0141";"";"心靈驛站 第二輯";"魏悌香";"蒲公英";"1998";"";"";0
213;"C30";"靈修禱告";"";"C30NTH";"LTC0142";"";"心靈驛站 第一輯";"魏悌香";"蒲公英";"1998";"";"";0
214;"C30";"靈修禱告";"FG-9001";"C30FB";"LTC0143";"";"常常禱告";"法蘭斯 巴克著, 劉康齡/蔡岳書譯";"宣道";"";"";"";0
215;"C30";"靈修禱告";"";"C30CP";"LTC0144";"";"解答信仰問題的靈修手冊堅信不疑";"潘可寧著, 林陳貴美譯";"道光";"";"";"";0
216;"C30";"靈修禱告";"";"C30TS";"LTC0145";"";"心意日新";"陶恕";"宣道出版社";"1991";"";"";0
217;"C30";"靈修禱告";"9789623801386    ";"C30ML";"LTC0146";"";"每日心靈精品日日親近主";"馬殅路德著, 王敬軒譯";"道聲";"";"";"";0
218;"C30";"靈修禱告";"9789627409960    ";"C30HN";"LTC0147";"";"啟道系列心靈愛語：當我陷入靈命低潮的時候";"盧雲著, 温偉耀增訂, 馬榮德譯";"卓越";"";"";"";0
219;"C30";"靈修禱告";"9789624574470    ";"C30DB";"LTC0148";"";"靈修著作精選與潘霍華一同默想主的降生 (41天靈修之旅)";"潘霍華著";"基道";"";"";"";0
220;"C30";"靈修禱告";"9789624572360    ";"C30KHB";"LTC0149";"";"時代論壇書系眾聖頌禱 (2版)";"郭鴻標著";"基道";"";"";"";0
221;"C30";"靈修禱告";"";"C30OC";"LTC0150";"";"竭誠為主";"章伯斯著";"證主出版社 CCL";"";"";"";0
222;"C30";"靈修禱告";"9789628838097    ";"C30MJD";"LTC0151";"";"俗世中的安息日操練 (初版二刷)";"唐慕華 (Marva J. Dawn), 陳永財譯";"學生福音團契 Fes";"";"";"";0
223;"C30";"靈修禱告";"";"C30LHC";"LTC0152";"";"靈修著作精選生命成長17課—學習聖靈果子和八福";"羅慶才著";"基道";"";"";"";0
224;"C30";"靈修禱告";"9789624571424    ";"C30TKH";"LTC0153";"";"靈修著作精選靈程答客問 the Quest for spirituality";"蔡貴恆 /葉萬壽 /黎汝佳合著";"基道";"";"";"";0
225;"C30";"靈修禱告";"9789624573886    ";"C30TM";"LTC0154";"";"靈修著作精選靜修靈旅—在靜默和歌聲中默想聖經";"泰澤Taize著, 陳翠婷譯";"基道";"";"";"";0
226;"C30";"靈修禱告";"";"C30YMK";"LTC0155";"";"耶穌靈修系列奉主的名—禱告的操練";"楊牧谷";"卓越";"";"";"";0
227;"C30";"靈修禱告";"";"C30CCT";"LTC0156";"";"患難中的天使 (四十日靈修)";"";"中國宣道神學院";"";"";"";0
228;"C30";"靈修禱告";"";"C30TS";"LTC0157";"";"陶恕選輯義人之根 (第三版)";"陶恕";"宣道";"";"";"";0
229;"C30";"靈修禱告";"9789622440104    ";"C30TS";"LTC0158";"";"陶恕選輯渴慕神 (第十七版)";"陶恕";"宣道";"";"";"";0
230;"C30";"靈修禱告";"";"C30WYT";"LTC0159";"";"""桌前"""" 默想 (第二版)""";"胡恩德";"宣道";"";"";"";0
231;"C30";"靈修禱告";"9789622941700    ";"C30BJ";"LTC0160";"";"靈修系列 1私禱日新";"貝利約翰";"文藝";"";"";"";0
232;"C30";"靈修禱告";"9789881820105    ";"C30CME";"LTC0161";"";"120個神的應許";"程蒙恩";"主恩";"";"";"";0
233;"C30";"靈修禱告";"9789624572254    ";"C30TM";"LTC0162";"";"靈修著作精選默觀的新苗 New Seeds of contemplation";"梅頓著, 羅燕明譯";"基道";"";"";"";0
234;"C30";"靈修禱告";"9789622085534    ";"C30KPC";"LTC0163";"";"靈命長進系列如何經歷神的同在";"鄺炳釗";"天道";"";"";"";0
235;"C30";"靈修禱告";"9789889820350    ";"C30LWH";"LTC0164";"";"時代信息叢書共享詩篇靈筵";"林榮洪著";"明道社";"";"";"";0
236;"C30";"靈修禱告";"9789881300270    ";"C30AC";"LTC0165";"";"靈修系列渴想聖潔";"";"宣道會香港區聯會";"";"";"";0
237;"C30";"靈修禱告";"9789881300270    ";"C30AC";"LTC0166";"";"靈修系列渴想救贖";"";"宣道會香港區聯會";"";"";"";0
238;"C30";"靈修禱告";"9789881300270    ";"C30AC";"LTC0167";"";"靈修系列渴想醫治";"";"宣道會香港區聯會";"";"";"";0
239;"C30";"靈修禱告";"9789881300270    ";"C30AC";"LTC0168";"";"靈修系列渴想再臨";"";"宣道會香港區聯會";"";"";"";0
240;"C30";"靈修禱告";"9789622085442    ";"C30LP";"LTC0169";"";"天道信徒生活叢書信心的禱告．從《雅比斯的禱告》說起";"李保羅";"天道";"";"";"";0
241;"C30";"靈修禱告";"9789622089815    ";"C30CMK";"LTC0170";"";"拉比靈修：最後的一堂課";"陳文紀 (Man-ki Chan)";"天道書樓";"2014";"";"";0
242;"C30";"靈修禱告";"9789624570601    ";"C30RJF";"LTC0171";"";"靈修著作精選禱告真諦：尋找心靈真正歸宿";"傅士德 (Richard J. Foster)";"基道出版社";"1993";"";"";0
243;"C30";"靈修禱告";"9628294016    ";"C30BPH";"LTC0172";"";"靈修學系列 (1)基督宗教靈修神學簡史";"候特 (Bradley P. Holt)";"道風山基督教叢林";"2007";"";"";0
244;"C30";"靈修禱告";"9789579183512    ";"C30SO";"LTC0173";"";"如何為你的丈夫禱告";"Stormie Omartian";"以琳書房";"1999";"";"";0
245;"C30";"靈修禱告";"9789625130477    ";"C30CBI";"LTC0174";"";"創世記: 聖經靈修版";"漢語聖經協會";"漢語聖經協會";"1998";"";"";0
246;"C30";"靈修禱告";"9789625130880    ";"C30CBI";"LTC0175";"";"詩篇‧靈修版";"漢語聖經協會";"漢語聖經協會";"1998";"";"";0
247;"C30";"靈修禱告";"9789625130910    ";"C30CBI";"LTC0176";"";"保羅書信•靈修版";"漢語聖經協會";"漢語聖經協會";"1998";"";"";0
248;"C30";"靈修禱告";"9689628450025    ";"C30WWY";"LTC0249";"書籍";"啟迪系列如何按照神的旨意祈禱？";"温偉耀";"卓越使團";"1998";"";"";0
249;"C30";"靈修禱告";"9789625134024";"C30HMT";"LTC0267";"書籍";"媽媽。媽咪。親子靈修";"小麥子著";"漢語聖經協會";"1990";"";"";0
250;"C30";"靈修禱告";"9789579183888";"C30SO";"LTC0274";"書籍";"如何為你的妻子禱告";"史多美．奧瑪森著, 陳晨光譯";"以琳書房";"2002";"";"";0
251;"C40";"見證故事";"9789881962911    ";"C40chlt";"LTC0177";"書籍";"飛媽手記 — 飛飛蜜語";"陳謝麗婷 (飛媽)";"宣道";"";"";"";0
252;"C40";"見證故事";"9789622445055    ";"C40LP";"LTC0178";"書籍";"宣教見證系列宣道與中華─宣道會早期在華宣教史略";"羅腓力";"宣道出版社";"";"";"";0
253;"C40";"見證故事";"9789881696014    ";"C40psc";"LTC0180";"書籍";"近代屬靈偉人系列(一)盧雲的誠與愛";"彭順強";"基道";"";"";"";0
254;"C40";"見證故事";"9789579466851    ";"C40hth";"LTC0181";"書籍";"孤兒之父：計志文牧師傳";"黃燈煌";"天恩出版社";"";"";"";0
255;"C40";"見證故事";"9627409413    ";"C40tyc";"LTC0182";"書籍";"崇拜叢書之三紀念與見證：主餐與水禮";"唐佑之";"卓越書樓";"";"";"";0
256;"C40";"見證故事";"9789575563714    ";"C40cpk";"LTC0183";"書籍";"當代生命見證 VII我錯了－金貝克的悔改";"金貝克著, 楊香芸譯";"橄欖出版社";"";"";"";0
257;"C40";"見證故事";"9789881688941    ";"C40CKC";"LTC0184";"書籍";"天國好MAN (第1輯)";"梁家麟 /蕭壽華 /司徒永富";"全港教會男士小組聯盟";"";"";"";0
258;"C40";"見證故事";"9789622447851    ";"C40ycss";"LTC0185";"書籍";"生命見證系列不一樣的愛";"葉陳淑淑著";"宣道出版社";"";"";"";0
259;"C40";"見證故事";"9623800592    ";"C40RB";"LTC0186";"書籍";"這是我的立場 : 改教先導馬丁路德傳記";"羅倫培登著, 陸中石譯";"道聲出版社";"";"";"";0
260;"C40";"見證故事";"9789578763876    ";"C40YGL";"LTC0187";"書籍";"疾風烈火 (Fresh Wind, Fresh Fire)";"辛傑米 /梅定恩著, 楊高俐理譯";"雅歌出版社";"";"";"";0
261;"C40";"見證故事";"9789628787425    ";"C40LJH";"LTC0188";"書籍";"'阿湯'心靈管理不醉紅塵—遨遊書海的靈光乍現";"李錦洪著";"阿湯圖書";"";"";"";0
262;"C40";"見證故事";"9789622448704    ";"C40ke";"LTC0189";"書籍";"神的選民：猶太拉比高恩博士的見證";"高恩 (Dr.Rabbi Leopold Cohn)";"選民事工差會";"";"";"";0
263;"C40";"見證故事";"4895105400772    ";"C40WNF";"LTC0190";"書籍";"宣道會見證集我在這裡見證你";"王礽福編";"宣道會區聯會";"";"";"";0
264;"C40";"見證故事";"9889732734    ";"C40ckh";"LTC0191";"書籍";"勵志系列再向生命致敬：十四個真實動人的故事";"陳廣慧編";"真證傳播";"";"";"";0
265;"C40";"見證故事";"9627048801    ";"C40mt";"LTC0192";"書籍";"靈修著作精選憑著愛 (四版)";"德蘭修女著, 王麗萍譯";"基道書樓";"";"";"";0
266;"C40";"見證故事";"9623800479    ";"C40HLK";"LTC0193";"書籍";"馬丁路德傳 The Life of Martin Luther";"何禮魁著, 陳建勛 /戴懷仁譯";"道聲出版社";"";"";"";0
267;"C40";"見證故事";"9789628815616    ";"C40ccy";"LTC0194";"書籍";"談天說道系列七這次我們遇上了—人物訪問集";"趙潔儀 /鄧子俊 /區祥江";"環球天道傳基";"";"";"";0
268;"C40";"見證故事";"9622443893    ";"C40HLT";"LTC0195";"書籍";"杏林子作品精選2杏林子";"杏林子著";"宣道出版社";"";"";"";0
269;"C40";"見證故事";"1565820126    ";"C40pkl";"LTC0196";"書籍";"密室 (二次世界大戰中的真實故事)";"彭柯麗著, 周天和譯";"更新傳道會";"";"";"";0
270;"C40";"見證故事";"9789629330552    ";"C40CLH";"LTC0197";"書籍";"伴我同行 (原名: 失明給我我的挑戰)";"程文輝";"浸信會";"";"";"";0
271;"C40";"見證故事";"9789627998044    ";"C40CSG";"LTC0198";"書籍";"院牧叢書 (3)燃點生命結伴行─醫院院牧部探訪義工見證集";"院牧事工聯會";"宣道出版社";"";"";"";0
272;"C40";"見證故事";"9789889749361    ";"C40CYW";"LTC0199";"書籍";"香港6大紀律部隊見證集紀律雲彩伴主行";"陳一華";"創世記";"";"";"";0
273;"C50";"職場";"9789629331610    ";"C50MCR";"LTC0253";"書籍";"不再一樣的工作間";"駱邁克、金科德(Mike C.Rogers,Claude V.King)葉自菁譯";"浸信會";"2001";"";"";0
274;"C50";"職場";"9789622447509    ";"C50YSL";"LTC0254";"書籍";"為誰辛苦為誰忙: 基督徒工作觀的探討";"楊世禮.";"宣道出版社";"2011";"";"";0
275;"C50";"職場";"9789867470058    ";"C50RD";"LTC0255";"書籍";"僕人領導學";"羅伯‧格林里夫";"啟示出版社";"2004";"";"";0
276;"C50";"職場";"9789628998340    ";"C50WCW";"LTC0256";"書籍";"關係式領導－感染力及服侍的聖經模式";"沃爾特．賴特(Walter C. Wright)";"福音證主協會";"2012";"";"";0
277;"C50";"職場";"9789622087101    ";"C50YCM";"LTC0257";"書籍";"打拼人生＠男人：上帝的計劃職場金錢";"葉松茂";"天道書樓";"2007";"";"";0
278;"C50";"職場";"9789624574142    ";"C50SW";"LTC0258";"書籍";"權力與激情. 六個追尋復活的人物";"塞繆爾．威爾斯(Samuel Wells)";"基道書樓";"2011";"";"";0
279;"C50";"職場";"9789628838387    ";"C50SG";"LTC0259";"書籍";"生命 at 職場 之基礎原則4休息有時";"紀士芬, 安道文, 胡世安(Stephen Graves, Thomas Addington,Sean Womack)";"香港基督徒學生福音團契(FES)";"2005";"";"";0
280;"C50";"職場";"9789628838318    ";"C50SG";"LTC0260";"書籍";"生命 at 職場之基礎原則1別為鬥心抓狂";"紀士芬, 安道文, 胡世安(Stephen Graves, Thomas Addington,Sean Womack)";"香港基督徒學生福音團契(FES)";"2005";"";"";0
281;"C50";"職場";"9789628838325    ";"C50SG";"LTC0261";"書籍";"生命 at 職場之基礎原則2操守的兩難";"紀士芬, 安道文, 胡世安(Stephen Graves, Thomas Addington,Sean Womack)";"香港基督徒學生福音團契(FES)";"2004";"";"";0
282;"C50";"職場";"9789628838370    ";"C50SG";"LTC0262";"書籍";"生命 at 職場之基礎原則3召命如此美好";"紀士芬, 安道文, 胡世安(Stephen Graves, Thomas Addington,Sean Womack)";"香港基督徒學生福音團契(FES)";"2005";"";"";0
283;"C50";"職場";"9627048666    ";"C50RJF";"LTC0263";"書籍";"基督徒看「權勢」(Power)";"傅士德(Richard J. Foster)周天和譯";"基道書樓";"1988";"";"";0
284;"C50";"職場";"9789881911919    ";"C50GPS";"LTC0264";"書籍";"從警察故事看職場事奉";"龔柏成";"天道書樓";"2010";"";"";0
285;"C50";"職場";"9789622084070    ";"C50SA";"LTC0265";"書籍";"事業感情兩得意";"阿特伯恩(Stephen Arterburn)高美儀譯";"天道書樓";"初版2000/1,2版2002/6";"";"";0
286;"C50";"職場";"9789628838387    ";"C50SG";"LTC0317";"書籍";"生命 at 職場 之基礎原則5師徒備忘錄";"紀士芬, 安道文, 胡世安(Stephen Graves, Thomas Addington,Sean Womack)";"香港基督徒學生福音團契(FES)";"2005";"";"";0
287;"C60";"家庭";"9789888392094    ";"C60NYK";"LTC0250";"書籍";"與青少年溝通的技法和心法當子女說你好煩";"2018/1月5刷";"突破";"";"";"";0
288;"C60";"家庭";"9789888392094    ";"C60NYK";"LTC0251";"DVD";"與青少年溝通的技法和心法當子女說你好煩 DVD";"2018/1月5刷";"突破";"";"";"";0
289;"C60";"家庭";"9789622083523";"C60DL";"LTC0268";"書籍";"親密時光";"丹尼斯．雷尼、巴巴拉．雷尼著, 余家寶、何瑞清譯";"天道書樓";"1998";"";"";0
290;"C60";"家庭";"9789881523389";"C60CHKY";"LTC0269";"書籍";"讓家長成為孩子的屬靈師傅兒童事工大覺醒";"陳黃家儀著";"基稻田出版社";"2016";"";"";0
291;"C60";"家庭";"9781938878053    ";"C60MA";"LTC0270";"書籍";"作孩子的心靈導師";"：蜜雪兒．安東妮 (Michelle Anthony)";"福音證主協會";"2014";"";"";0
292;"C60";"家庭";"9789578972179";"C60SN";"LTC0271";"書籍";"永續親密";"丹尼斯·芮尼著, 顧美芬譯";"學園傳道會";"1995";"";"";0
293;"C60";"家庭";"9789575873998";"C60FLL";"LTC0272";"書籍";"父母手冊";"傅萊林夫婦著, 陳逸群譯";"校園書房出版社";"1994";"";"";0
294;"C60";"家庭";"9789575560140";"C60LD";"LTC0273";"書籍";"丈夫未信主怎麼辦";"琳達．戴維斯著, 鄭夙君譯";"橄欖文化";"1988";"";"";0
295;"C60";"家庭";"9789575875176";"C60STF";"LTC0275";"書籍";"值得等";"史代富著, 林麗卿、陳侶君等譯";"校園書房出版社";"1997";"";"";0
296;"C60";"家庭";"9789579899833";"C60ED";"LTC0276";"書籍";"擁抱今天";"艾美．迪恩著, 曹嬿恆譯";"雅音出版";"1997";"";"";0
297;"C60";"家庭";"9622710247";"C60CJY";"LTC0277";"書籍";"離婚與再婚 — 基督徒的觀點";"陳若愚著";"中國神學研究院";"1991";"";"";0
298;"C60";"家庭";"9789624574357    ";"C60CCM";"LTC0278";"書籍";"當衝突遇上和好";"鄧瑞強,趙崇明";"基道出版社";"2012";"";"";0
299;"C60";"家庭";"9789889820510";"C60CC";"LTC0279";"書籍";"愛的雕琢-如何作成功父母";"竹君著";"畔溪基金會";"2012";"";"";0
300;"C60";"家庭";"9789889903237";"C60CWH";"LTC0280";"書籍";"個人成長 (二版)家庭成長歷程";"屈偉豪著";"飛躍網絡國際有限公司";"2009";"";"";0
301;"C60";"家庭";"9789624571110";"C60CCS";"LTC0281";"書籍";"性情男女";"鄭建生著";"毅志有限公司";"1997";"";"";0
302;"C60";"家庭";"4892511000695";"C60MG";"LTC0282";"書籍";"心意相通 — 建立親密的人際關係";"麥哥登、麥嘉玲著, 邵樟平、邵尹妙珍譯";"福音證主協會";"1997";"";"";0
303;"C60";"家庭";"9789622082663";"C60LP";"LTC0283";"書籍";"相知相交戀愛中 — 戀愛約會十三次";"李保羅、李榮鳳著";"天道書樓";"1995";"";"";0
304;"C60";"家庭";"9789622083486";"C60CB";"LTC0284";"書籍";"男女幸不同";"克萊布著, 陳文深譯";"天道書樓";"1998";"";"";0
305;"C60";"家庭";"9789628266715";"C60FB";"LTC0285";"書籍";"與爸媽共舞 — 讓中學生與父母建立互信互敬的關係";"庫爾特．比克爾著, 林莉如譯";"香港基督徒學生福音團契";"2001";"";"";0
306;"C60";"家庭";"9789628266418";"C60WM";"LTC0286";"書籍";"性愛：基督徒的觀點—讓中學生作負責任的性決定";"沃爾特．馬爾金著";"香港基督徒學生福音團契";"2001";"";"";0
307;"C60";"家庭";"4892511004068";"C60MTW";"LTC0287";"書籍";"Click進少年心";"麥道衛著, 董婉儀譯";"福音證主協會";"2003";"";"";0
308;"C60";"家庭";"9789622648715";"C60OCH";"LTC0288";"書籍";"健康家庭工程師";"區祥江著";"突破出版社";"2001";"";"";0
309;"C60";"家庭";"9789624574340";"C60LPS";"LTC0316";"書籍";"讓他走，該走的路—塑造孩子未來的九種性格特質";"萊斯．帕羅特三世、老萊斯利．帕羅特著, 陳翠婷譯";"基道";"2012";"";"";0
310;"D10";"心靈關顧";"9789627997504    ";"D10LYC";"LTC0289";"書籍";"心靈輔導";"李耀全";"建道神學院";"2002";"";"";0
311;"D10";"心靈關顧";"9789622449268    ";"D10CKM";"LTC0290";"書籍";"放下傷痛：助人及自助手冊（修訂版）";"吳燕玲、嚴鎮國 (Tabitha Ng, Chun Kwok Yim)";"宣道";"2012";"";"";0
312;"D10";"心靈關顧";"9789622449763    ";"D10YYL";"LTC0291";"書籍";"給我一個Baby";"葉菁、葉應霖";"宣道";"2013";"";"";0
313;"D10";"心靈關顧";"9789863592310    ";"D10SS";"LTC0292";"書籍";"情緒之書：156種情緒考古學，探索人類情感的本質、歷史、演化與表現方式";"蒂芬妮．史密斯";"木馬文化";"2016";"";"";0
314;"D10";"心靈關顧";"9789628664405    ";"D10LYC";"LTC0293";"書籍";"逆境中的心靈探索與導引";"李耀全 (Lee, Simon Y.C.)";"匯美傳意";"2004";"";"";0
315;"D10";"心靈關顧";"9799626782582    ";"D10KPS";"LTC0294";"書籍";"為情所困—走出情緒病深淵";"郭碧珊";"經濟日報出版社";"2007";"";"";0
316;"D10";"心靈關顧";"9789579483544    ";"D10JL";"LTC0295";"書籍";"饒恕的藝術";"珍妮特．洛克比";"學園傳道會";"1987";"";"";0
317;"D10";"心靈關顧";"9789810557997    ";"D10TCML";"LTC0296";"書籍";"成年路峰迴迭轉--成年過渡探知";"曾邱妙玲";"新加坡神學院";"2006";"";"";0
318;"D10";"心靈關顧";"9789628266166    ";"D10DC";"LTC0297";"書籍";"傷痛不代傳：從機能失調的家庭中復原";"卡德、韓斯年 (Dave Carder, Earl Henslin)";"香港基督徒學生福音團契（FES）";"2001";"";"";0
319;"D10";"心靈關顧";"9789628528639    ";"D10CWL";"LTC0298";"書籍";"哀傷輔導手冊：概念與方法 ";"陳維樑, 鍾莠荺";"贐明會";"1999";"";"";0
320;"D10";"心靈關顧";"9789622087613    ";"D10MJD";"LTC0299";"書籍";"在軟弱中享安好";"唐慕華 (Marva J. Dawn)";"天道書樓";"2009";"";"";0
321;"D10";"心靈關顧";"9789622643369    ";"D10OCH";"LTC0300";"書籍";"情緒有益";"李兆康、區祥江";"突破";"2015";"";"";0
322;"D10";"心靈關顧";"9789627080718    ";"D10SYJ";"LTC0301";"書籍";"情緒逼人來：處理情緒研經12課";"蘇穎睿";"香港基督徒學生福音團契（FES）";"2010";"";"";0
323;"D10";"心靈關顧";"9789624573213    ";"D10KK";"LTC0302";"書籍";"情緒四重奏：同行生命中的憂怒哀樂";"葛琳卡 (Katherine Kot)";"基道";"2007";"";"";0
324;"D10";"心靈關顧";"9789628064175    ";"D10PKH";"LTC0303";"書籍";"完全紓壓手冊";"鮑傑輝、白國漢著";"美地出版社";"2002";"";"";0
325;"D10";"心靈關顧";"9789628266098    ";"D10UK";"LTC0304";"書籍";"醫冶的愛讓神塑造你的性格 (第二版)";"穆丹•穆凱蒂著";"香港基督徒學生福音團契";"1998";"";"";0
326;"D10";"心靈關顧";"9789622940284    ";"D10CYH";"LTC0305";"書籍";"全人醫治 (增訂版)";"陳一華";"基督教文藝出版社";"2011";"";"";0
327;"D10";"心靈關顧";"9789622086333    ";"D10OCH";"LTC0306";"書籍";"強心健靈";"區祥江";"天道書樓";"2005";"";"";0
328;"D10";"心靈關顧";"9789627498018    ";"D10HPK";"LTC0307";"書籍";"蛻變見曙光: 女性賭徒的希望與出路";"何秉光, 莫玉蘭";"工業福音團契175 ";"2008";"";"";0
329;"D10";"心靈關顧";"9789622942493    ";"D10CYH";"LTC0308";"書籍";"癌情心語：靈性關顧的藝術";"陳一華";"基督教文藝";"2016";"";"";0
330;"D10";"心靈關顧";"9789579183369    ";"D10CHK";"LTC0309";"書籍";"深度創傷：深度醫治 (上)";"柯瑞福 (Charles H. Kraft)";"以琳書房";"1997";"";"";0
331;"D10";"心靈關顧";"9789579183376    ";"D10CHK";"LTC0310";"書籍";"深度創傷：深度醫治 (下)";"柯瑞福 (Charles H. Kraft)";"以琳書房";"1997";"";"";0
332;"D10";"心靈關顧";"9623800223    ";"D10JHC";"LTC0311";"書籍";"美滿姻緣：婚前婚後的成長輔導";"浩義．克萊貝爾 (Howard John Clinebell)";"道聲";"1989";"";"";0
333;"D10";"心靈關顧";"9789628791330    ";"D10OCH";"LTC0312";"書籍";"因子之名─父親培育男孩的挑戰";"區祥江";"突破";"2004";"";"";0
334;"D10";"心靈關顧";"9789622646339    ";"D10OCH";"LTC0313";"書籍";"生命軌跡—助人成長的十大關鍵";"區祥江";"突破";"2000";"";"";0
335;"D10";"心靈關顧";"9789627498094    ";"D10HPK";"LTC0314";"書籍";"怡情的代價II : 十位愛賭博困擾的家書";"何秉光編輯.";"澳門工業福音團契";"2004";"";"";0
336;"D10";"心靈關顧";"9627409499    ";"D10YMK";"LTC0315";"書籍";"從創傷到醫治";"楊牧谷";"聖約團契";"1995";"";"";0
337;"E20";"社會政治";"9789627922575    ";"E20LCT";"LTC0318";"書籍";"無障礙敬拜—照顧智障人士的靈性需要";"林正財";"Jidu jiao ling shi xie hui";"2018";"";"";0
338;"E20";"社會政治";"9789624572377    ";"E20";"LTC0319";"書籍";"香港我愛";"時代論壇主編";"基督、時代論壇";"2003";"";"";0
339;"E20";"社會政治";"9789622446052    ";"E20KCW";"LTC0320";"書籍";"是非、曲直—對人權、同性戀的倫理反思";"關啟文";"宣道出版社";"1990";"";"";0
340;"E20";"社會政治";"9628082035    ";"E20SYC";"LTC0321";"書籍";"異端辨惑";"蘇穎智";"恩福製作中心2000";"2000";"";"";0
341;"E20";"社會政治";"9789622447875    ";"E20CME";"LTC0322";"書籍";"防範異端";"程蒙恩";"宣道出版社";"2013";"";"";0
342;"E20";"社會政治";"9789881601230    ";"E20CYH";"LTC0323";"書籍";"與我何干：陳一華心耕無牆教會";"陳一華";"從心會社有限公司";"2012";"";"";0
343;"E20";"社會政治";"9789889973179    ";"E20MKT";"LTC0324";"書籍";"中國民間信仰揭秘";"馬國棟、劉志良";"香港短宣中心";"2008";"";"";0
344;"E20";"社會政治";"9789574163168    ";"E20CKK";"LTC0325";"書籍";"佛教真相";"張國騤";"中福出版有限公司";"2009";"";"";0
345;"E20";"社會政治";"9789622080102    ";"E20WWY";"LTC0326";"書籍";"共產主義與基督教";"溫偉耀";"天道書樓";"1979";"";"";0
346;"E20";"社會政治";"";"E20CTE";"LTC0327";"書籍";"中共對基督教的政策";"趙天恩著";"智";"";"";"";0
347;"E20";"社會政治";"9789629337483    ";"E20MC";"LTC0328";"書籍";"忠孝兩全：當代華人基督徒祭祖實用指引";"麥兆、顧瓊華";"浸信會";"2008";"";"";0
348;"E20";"社會政治";"";"E20";"LTC0329";"書籍";"傘下細語";"";"";"2015";"";"";0
349;"E20";"社會政治";"9789889973179    ";"E20MKT";"LTC0356";"書籍";"中國民間信仰揭秘 (增訂版)";"馬國棟、劉志良";"香港短宣中心";"2008";"";"";0
350;"E10";"教會節期、禮儀";"9789622083240    ";"E10CL";"LTC0341";"書籍";"敬拜主基督 — 敬拜生活指南";"卡羅爾著, 陳恩明譯";"天道書樓";"1992";"";"";0
351;"E10";"教會節期、禮儀";"9789622443969    ";"E10TS";"LTC0342";"書籍";"敬拜的真義";"陶恕著, 吳啟偉譯";"宣道出版社";"1979";"";"";0
352;"E10";"教會節期、禮儀";"9622027059    ";"E10LKC";"LTC0343";"書籍";"可喜悅的祭 — 事奉者的操守";"盧家馼著";"福音證主協會";"1999";"";"";0
353;"E10";"教會節期、禮儀";"9622080154    ";"E10RR";"LTC0345";"書籍";"朝見永生神 — 集體崇拜的再思";"羅拔．雷本、吳羅瑜著";"天道書樓";"2007";"";"";0
354;"E10";"教會節期、禮儀";"9628364030    ";"E10CCM";"LTC0346";"書籍";"更新敬拜讚美實用手冊";"吉中鳴著";"中鳴製作有限公司";"2017";"";"";0
355;"E10";"教會節期、禮儀";"9627409359    ";"E10TYC";"LTC0347";"書籍";"主日的禮讚 — 自安息日至主日";"唐佑之著";"真理基金會有限公司";"2000";"";"";0
356;"E10";"教會節期、禮儀";"9789622947283    ";"E10CJ";"LTC0348";"書籍";"聖樂事工（上）音樂與職事──聖經的對位";"加爾文．約翰遜著, 伍德榮譯";"基督教文藝";"1998";"";"";0
357;"E10";"教會節期、禮儀";"9789622447394    ";"E10CMACUHK";"LTC0349";"書籍";"宣道會崇拜模式指引";"宣道會香港區聯會崇拜模式指引委員會著";"宣道出版社";"2003";"";"";0
358;"E10";"教會節期、禮儀";"9789627997252    ";"E10LPC";"LTC0350";"書籍";"脫俗尋真 — 聖樂與崇拜評論集";"黎本正著";"建道神學院";"2006";"";"";0
359;"E10";"教會節期、禮儀";"";"E10TCCC";"LTC0351";"書籍";"普天崇拜";"中華基督教會、美以美會、中華浸禮協會、華北公理會編訂";"基督教文藝出版社";"1980";"";"";0
360;"E10";"教會節期、禮儀";"9789881388698    ";"E10TCC";"LTC0352";"書籍";"覲主求知：聖樂與崇拜研討營文集2013-2016";"譚靜芝著";"香港聖樂促進會";"2012";"";"";0
361;"E10";"教會節期、禮儀";"9789627997832    ";"E10LPC";"LTC0353";"書籍";"崇拜領導職事探討";"黎本正著";"建道神學院";"2015";"";"";0
362;"E10";"教會節期、禮儀";"9789622445758    ";"E10WP";"LTC0354";"書籍";"崇拜：認古識今";"韋柏著, 何李穎芬譯";"宣道出版社";"2005";"";"";0
363;"E10";"教會節期、禮儀";"";"E10SW";"LTC0463";"";"公禱一take過";"Samuel Wells, Abigail Kocher";"宣道出版社";"";"";"";0
364;"E30";"教會成長";"9789624571400    ";"E30SKL";"LTC0330";"書籍";"屬靈生命的素質 — 聖靈果子研讀本（組長本）";"施家倫等著, 郭詠儀等譯";"基道";"1998";"";"";0
365;"E30";"教會成長";"9789624571417    ";"E30SKL";"LTC0331";"書籍";"屬靈生命的素質 — 聖靈果子研讀本（組員本）";"施家倫等著, 郭詠儀等譯";"基道";"1998";"";"";0
366;"E30";"教會成長";"9789629336301    ";"E30WP";"LTC0332";"書籍";"新銳福音派 — 新世代教會模式蛻變";"韋柏著, 王念慈譯";"浸信會";"2009";"";"";0
367;"E30";"教會成長";"9789627997078    ";"E30TLH";"LTC0333";"書籍";"教會職事的重尋與更新 — 從神學、歷史及實踐角度探討教會職事的更新（增訂版）";"曾立華著";"建道神學院";"2012";"";"";0
368;"E30";"教會成長";"9789889844981    ";"E30TYC";"LTC0334";"書籍";"教會管理";"唐佑之著";"真理基金會";"2005";"";"";0
369;"E30";"教會成長";"9789579189606    ";"E30MS";"LTC0335";"書籍";"熱門話題 — Young族信仰答問";"梅爾斯著, 任炎林譯";"福音證主協會";"1999";"";"";0
370;"E30";"教會成長";"4892511003153    ";"E30BT";"LTC0336";"書籍";"同心堅信 — 21世紀福音禮讚";"巴刻等著, 陳恩明譯";"福音證主協會";"2001";"";"";0
371;"E30";"教會成長";"9789628838301    ";"E30TCC";"LTC0337";"書籍";"懷道的生命 — 青少年事工屬靈指導的藝術";"丁建德、馮樂路著, 郭智嘉譯";"香港基督徒學生福音團契";"2005";"";"";0
372;"E30";"教會成長";"9789628789207    ";"E30WN";"LTC0338";"書籍";"你的屬靈恩賜";"韋拿著, 盧家馼譯";"亞洲歸主協會香港分會";"2012";"";"";0
373;"E30";"教會成長";"9627409235    ";"E30TYC";"LTC0339";"書籍";"教會在後現代的省思";"唐佑之著";"卓越出版社";"1993";"";"";0
374;"E30";"教會成長";"9789622085251    ";"E30TLH";"LTC0340";"書籍";"新世代領袖的塑造";"曾立華著";"天道書樓";"2001";"";"";0
375;"E30";"教會成長";"9623220359    ";"E30KYH";"LTC0344";"書籍";"健康教會成長要訣";"高雲漢著";"世界華人福音事工聯絡中心";"2003";"";"";0
376;"F10";"宣教";"9789881346605    ";"F10APP";"LTC0179";"書籍";"伯平木C周圍See香港百年教會徑";"區伯平";"宣道差會";"";"";"";0
377;"F10";"宣教";"9789881346612    ";"F10APP";"LTC0266";"書籍";"伯平木C周圍See：宣教澳門五百年";"區伯平";"香港宣道差會";"2015";"";"";0
378;"F10";"宣教";"9789881346629    ";"F10OCP";"LTC0355";"書籍";"伯平木C周圍See：宣教點滴在廣州";"區伯平";"香港宣道差會";"2016";"";"";0
379;"F10";"宣教";"";"F10TT";"LTC0373";"";"廿一世紀系列：佈道宣講手冊";"";"世界華福事工";"";"";"";0
380;"F10";"宣教";"9789627426684    ";"F10PCK";"LTC0374";"";"短宣靈蜜";"彭啟康，熊黃惠玲 編 (Pang Kai Hong, Vanessa Hung)";"香港差傳事工聯會";"2013";"";"";0
381;"F10";"宣教";"9622442307    ";"F10HT";"LTC0375";"書籍";"獻身中華";"戴德生 (HUDSON TAYLOR) ";"宣道出版社";"";"";"";0
382;"F10";"宣教";"9789622447882    ";"F10HHC";"LTC0376";"書籍";"心入穆斯林─與穆斯林分享基督";"何西堅/紫晴譯";"前線差會(香港)";"";"";"";0
383;"F10";"宣教";"9789622440036    ";"F10RAT";"LTC0377";"書籍";"如何領人歸向基督";"叨雷 (R. A. Torrey)/ 王峙譯";"宣道出版社";"2012";"";"";0
384;"F10";"宣教";"9789622447493    ";"F10CME";"LTC0378";"書籍";"信仰基礎系列118福音疑難問與答";"程蒙恩";"宣道出版社";"2004";"";"";0
385;"F10";"宣教";"9789881522863    ";"F10KWC";"LTC0379";"書籍";"別問別答–福音難題問答31題.";"鄺偉志主編";"香港短宣中心";"2012";"";"";0
386;"F10";"宣教";"9622444601    ";"F10TS";"LTC0380";"書籍";"叛徒：一個猶太家庭信耶穌的掙扎歷程";"泰琛斯坦 /方少琪, 陳德貞譯";"宣道出版社";"2000";"";"";0
387;"F10";"宣教";"";"F10HAT";"LTC0381";"";"莫說不能 (二版)";"許愛多著";"海外基督使團";"1991";"";"";0
388;"F10";"宣教";"9628064053    ";"F10LHD";"LTC0382";"書籍";"傈傈女使徒--楊宓貴靈";"狄賀妮 (Lois Hoadley Dick) /徐成德譯";"大使命基督徒團契 ";"1996";"";"";0
389;"F10";"宣教";"";"F10ASB";"LTC0383";"";"荒原上：司務道教士自傳之二 (5版)";"";"靈實醫院";"";"";"";0
390;"F10";"宣教";"9789570471182    ";"F10CHK";"LTC0364";"書籍";"改變生命的溝通傳播：基督徒作見證的溝通傳播理論";"查理斯．克拉夫特 (Charles H. Kraft)
/石彩燕譯";"中華福音神學院";"2002";"";"";0
391;"F10";"宣教";"9789579337984    ";"F10RRD";"LTC0365";"書籍";"使萬民作門徒";"隸立德 (Richard R. DeRidder)/曾家衛譯";"中華福音神學院";"1979";"";"";0
392;"F10";"宣教";"9789881867117    ";"F10DB";"LTC0366";"書籍";"先是猶太人：向猶太人傳福音的聖經及歷史論據 (上冊)";"戴路．博克、米切．基里沙　 (Darrell Bock, Mitch Glaser)/王大民譯";"選民事工差會";"2009";"";"";0
393;"F10";"宣教";"9789628266036    ";"F10CKYC";"LTC0367";"書籍";"戰地情─生命燃在阿富汗";"陳關韻詔";"香港基督徒學生福音團契";"1997";"";"";0
394;"F10";"宣教";"9789627148104    ";"F10JS";"LTC0368";"書籍";"高示聖經地圖手冊";"曾健士 (Jenkines Simon)/陳耀棠譯";"高示有限公司";"1996";"";"";0
395;"F10";"宣教";"9627597023    ";"F10LCK";"LTC0369";"書籍";"考古亮光中的聖地";"李志光";"金燈臺出版社";"1991";"";"";0
396;"F10";"宣教";"9622024394    ";"F10RAW";"LTC0370";"書籍";"巫師之子尋道記";"羅絲瑪莉(Rosemary A.Watson)著; 鄭妙蘭譯";"福音證主協會";"1986";"";"";0
397;"F10";"宣教";"9789628266012    ";"F10WSF";"LTC0371";"書籍";"非Q版信仰：護教與傳福音";"溫淑芳、戴德正、王賜惠、何翰庭";"香港基督徒學生福音團契";"1997";"";"";0
398;"F10";"宣教";"";"F10Cgst";"LTC0372";"";"跨越 ""信心危機"""" (第二版)""";"";"宣道出版社";"";"";"";0
399;"F10";"宣教";"9789622447820    ";"F10";"LTC0359";"書籍";"失而復得的日記—主僕宋尚節日記摘抄";"利未摘錄整理 ";"宣道出版社";"2006";"";"";0
400;"F10";"宣教";"9789887742418    ";"F10CYS";"LTC0360";"書籍";"跟隨使徒的腳蹤";"鄭佑生";"中國浸信會神學院";"2017";"";"";0
401;"F10";"宣教";"4892511006925    ";"F10CYS";"LTC0361";"書籍";"尋找祂鄉的意義";"鄭佑生";"浸信會出版社";"2008";"";"";0
402;"F10";"宣教";"9789881894311    ";"F10DHT";"LTC0363";"書籍";"兒福裝備叢書兒福事工的100個問與答";"杜孝慈";"香港萬國兒童佈道團";"2010";"";"";0
403;"F10";"宣教";"9789628402137    ";"F10TST";"LTC0358";"書籍";"雖至於死—台約爾傳";"戴紹曾、張陳一萍 (Isobel Kuhn)";"海外基督使團";"2009";"";"";0
404;"F10";"宣教";"";"F10WCH";"LTC0362";"書籍";"華哥宣教八寶";"翁競華牧師著";"";"";"";"";0
405;"F10";"宣教";"4892511006437    ";"F10YCH";"LTC0357";"書籍";"驛動的心";"楊其輝著/ 呂慶雄 策劃";"福音證主協會";"2007";"";"";0
406;"G10";"教會史";"9789627706083    ";"G10TCM";"LTC0384";"書籍";"滄桑與窘境：四十多年來的三自愛國運動";"鄧肇明";"基督教中國宗教文化研究社";"1997";"";"";0
407;"G10";"教會史";"9789887742425    ";"G10YHS";"LTC0385";"書籍";"百年滄桑與普世宣教事工的機遇";"袁海生";"中國浸信會神學院";"2018";"";"";0
408;"G10";"教會史";"";"G10BKK";"LTC0386";"";"歷史的軌跡";"";"校園";"";"";"";0
409;"G10";"教會史";"9789623800334    ";"G10LPQ";"LTC0387";"書籍";"教會歷史";"谷勒本 (Lars P. Qualben)";"道聲出版社";"2000";"";"";0
410;"G10";"教會史";"9622306799    ";"G10BRA";"LTC0388";"書籍";"基督教發展史";"比爾奧斯汀 (Bill R. Austin)";"種籽出版社";"2002";"";"";0
411;"G10";"教會史";"";"G10B";"LTC0389";"書籍";"基督教史略";"培克爾著";"浸信會出版社";"1981";"";"";0
412;"G10";"教會史";"";"G10NLE";"LTC0390";"書籍";"以色列史綜覧";"吳理恩博士著";"中華福音神學院出版社";"1985";"";"";0
413;"G10";"教會史";"9789622942608    ";"G10WW";"LTC0391";"書籍";"基督教會史";"華爾克著";"基督教文藝出版社";"1970";"";"";0
414;"G10";"教會史";"7214041200    ";"G10WMH";"LTC0392";"書籍";"基督教史";"王美秀";"江苏人民出版社";"2006";"";"";0
415;"G10";"教會史";"195866495    ";"G10JM";"LTC0393";"書籍";"牛津基督教史";"john Mcmanners編";"牛津大學出版社";"1995";"";"";0
416;"G10";"教會史";"9789623992091    ";"G10WD";"LTC0394";"書籍";"基督教歷史和未來速覽";"D． 溫特 (Winter, David)";"海天書樓";"2011";"";"";0
421;"asd";"asd";"asdasd";"as";"das";"asd";"asd";"asd";"asd";"asd";"";"";0
422;"asd";"asd";"asd";"asd";"9789863562450";"asd";"asdasdasd";"ZUN";"asd";"asd";"";"";0
